-- FastTicket MSSQL DDL Script
-- Database: FastTicket
-- Server: WEB_01\SQLEXPRESS

-- SAMPLE 테이블
IF NOT EXISTS (SELECT * FROM sys.tables WHERE name = 'SAMPLE')
CREATE TABLE SAMPLE (
    ID          VARCHAR(16)  NOT NULL PRIMARY KEY,
    NAME        VARCHAR(50),
    DESCRIPTION VARCHAR(100),
    USE_YN      CHAR(1),
    REG_USER    VARCHAR(10)
);

-- IDS 테이블 (ID 생성용)
IF NOT EXISTS (SELECT * FROM sys.tables WHERE name = 'IDS')
CREATE TABLE IDS (
    TABLE_NAME  VARCHAR(30) NOT NULL PRIMARY KEY,
    NEXT_ID     DECIMAL(30) NOT NULL
);

-- MEMBER 테이블
IF NOT EXISTS (SELECT * FROM sys.tables WHERE name = 'MEMBER')
CREATE TABLE MEMBER (
    MEMBER_ID   VARCHAR(16)  NOT NULL PRIMARY KEY,
    MEMBER_NM   VARCHAR(50),
    PASSWORD    VARCHAR(200),
    TEL         VARCHAR(500),
    TEL_LAST4   VARCHAR(4),
    EMAIL       VARCHAR(100),
    USE_YN      CHAR(1),
    REG_DT      DATETIME DEFAULT GETDATE()
);

-- TEL_LAST4 컬럼 추가 (기존 테이블용)
IF NOT EXISTS (SELECT * FROM sys.columns WHERE object_id = OBJECT_ID('MEMBER') AND name = 'TEL_LAST4')
    ALTER TABLE MEMBER ADD TEL_LAST4 VARCHAR(4);

-- PASSWORD 컬럼 확장 (BCrypt 해시 저장용)
IF EXISTS (SELECT * FROM sys.columns WHERE object_id = OBJECT_ID('MEMBER') AND name = 'PASSWORD' AND max_length < 200)
    ALTER TABLE MEMBER ALTER COLUMN PASSWORD VARCHAR(200);

-- TEL 컬럼 확장 (AES 암호화 저장용)
IF EXISTS (SELECT * FROM sys.columns WHERE object_id = OBJECT_ID('MEMBER') AND name = 'TEL' AND max_length < 500)
    ALTER TABLE MEMBER ALTER COLUMN TEL VARCHAR(500);

-- VENUE 테이블 (공연장)
IF NOT EXISTS (SELECT * FROM sys.tables WHERE name = 'VENUE')
CREATE TABLE VENUE (
    VENUE_ID    VARCHAR(16)  NOT NULL PRIMARY KEY,
    VENUE_NM    VARCHAR(100),
    LOCATION    VARCHAR(200),
    TOTAL_SEATS INT,
    SEAT_TYPE   VARCHAR(50),
    DESCRIPTION VARCHAR(500),
    USE_YN      CHAR(1),
    REG_USER    VARCHAR(10),
    REG_DT      DATETIME DEFAULT GETDATE()
);

-- SEAT 테이블 (좌석)
IF NOT EXISTS (SELECT * FROM sys.tables WHERE name = 'SEAT')
CREATE TABLE SEAT (
    SEAT_ID     VARCHAR(16) NOT NULL PRIMARY KEY,
    VENUE_ID    VARCHAR(16),
    SEAT_ROW    VARCHAR(10),
    SEAT_NO     INT,
    SEAT_GRADE  VARCHAR(20),
    USE_YN      CHAR(1)
);

-- PROGRAM 테이블 (프로그램/공연)
IF NOT EXISTS (SELECT * FROM sys.tables WHERE name = 'PROGRAM')
CREATE TABLE PROGRAM (
    PROGRAM_ID   VARCHAR(16)  NOT NULL PRIMARY KEY,
    PROGRAM_NM   VARCHAR(200),
    PROGRAM_TYPE VARCHAR(50),
    VENUE_ID     VARCHAR(16),
    DESCRIPTION  VARCHAR(500),
    AGE_LIMIT    VARCHAR(20),
    RUNNING_TIME INT,
    POSTER_IMG   VARCHAR(200),
    START_DATE   DATE,
    END_DATE     DATE,
    OPEN_TIME    VARCHAR(5),              -- 운영 시작시간 (HH:mm), NULL이면 기본 영업시간 사용
    CLOSE_TIME   VARCHAR(5),              -- 운영 종료시간 (HH:mm), NULL이면 기본 영업시간 사용
    USE_YN       CHAR(1),
    REG_USER     VARCHAR(10),
    REG_DT       DATETIME DEFAULT GETDATE()
);

-- TICKET_PRICE 테이블 (티켓 가격)
IF NOT EXISTS (SELECT * FROM sys.tables WHERE name = 'TICKET_PRICE')
CREATE TABLE TICKET_PRICE (
    PRICE_ID    VARCHAR(16)  NOT NULL PRIMARY KEY,
    PROGRAM_ID  VARCHAR(16),
    PRICE_TYPE  VARCHAR(50),
    PRICE_NM    VARCHAR(100),
    PRICE       INT,
    USE_YN      CHAR(1)
);

-- SCHEDULE 테이블 (공연 일정)
IF NOT EXISTS (SELECT * FROM sys.tables WHERE name = 'SCHEDULE')
CREATE TABLE SCHEDULE (
    SCHEDULE_ID  VARCHAR(16)  NOT NULL PRIMARY KEY,
    PROGRAM_ID   VARCHAR(16),
    EVENT_DATE   DATE,
    EVENT_TIME   VARCHAR(10),
    TOTAL_SEATS  INT,
    AVAIL_SEATS  INT,
    STATUS       VARCHAR(20),
    REG_DT       DATETIME DEFAULT GETDATE()
);

-- BOOKING 테이블 (예매)
IF NOT EXISTS (SELECT * FROM sys.tables WHERE name = 'BOOKING')
CREATE TABLE BOOKING (
    BOOKING_ID     VARCHAR(16) NOT NULL PRIMARY KEY,
    SCHEDULE_ID    VARCHAR(16),
    MEMBER_ID      VARCHAR(16),
    BOOKER_NM      VARCHAR(50),
    BOOKER_TEL     VARCHAR(20),
    BOOKER_EMAIL   VARCHAR(100),
    TOTAL_QTY      INT,
    TOTAL_AMT      INT,
    BOOKING_STATUS VARCHAR(20),
    PAYMENT_STATUS VARCHAR(20),
    REG_DT         DATETIME DEFAULT GETDATE()
);

-- BOOKING_DETAIL 테이블 (예매 상세)
IF NOT EXISTS (SELECT * FROM sys.tables WHERE name = 'BOOKING_DETAIL')
CREATE TABLE BOOKING_DETAIL (
    DETAIL_ID   VARCHAR(16) NOT NULL PRIMARY KEY,
    BOOKING_ID  VARCHAR(16),
    PRICE_ID    VARCHAR(16),
    SEAT_ID     VARCHAR(16),
    TICKET_AMT  INT,
    CANCEL_YN   CHAR(1)
);

-- ROLE 테이블 (권한)
IF NOT EXISTS (SELECT * FROM sys.tables WHERE name = 'ROLE')
CREATE TABLE ROLE (
    ROLE_ID     VARCHAR(20)  NOT NULL PRIMARY KEY,
    ROLE_NM     VARCHAR(50),
    DESCRIPTION VARCHAR(200),
    USE_YN      CHAR(1) DEFAULT 'Y',
    REG_DT      DATETIME DEFAULT GETDATE()
);

-- MENU 테이블 (메뉴)
IF NOT EXISTS (SELECT * FROM sys.tables WHERE name = 'MENU')
CREATE TABLE MENU (
    MENU_ID     VARCHAR(16)  NOT NULL PRIMARY KEY,
    MENU_NM     VARCHAR(50),
    MENU_URL    VARCHAR(200),
    ICON        VARCHAR(50),
    PARENT_ID   VARCHAR(16),
    SORT_ORDER  INT DEFAULT 0,
    DESCRIPTION VARCHAR(200),
    USE_YN      CHAR(1) DEFAULT 'Y',
    REG_DT      DATETIME DEFAULT GETDATE()
);

-- ICON 컬럼 추가 (기존 테이블용)
IF NOT EXISTS (SELECT * FROM sys.columns WHERE object_id = OBJECT_ID('MENU') AND name = 'ICON')
    ALTER TABLE MENU ADD ICON VARCHAR(50);

-- USER_ROLE 테이블 (사용자-권한 매핑)
IF NOT EXISTS (SELECT * FROM sys.tables WHERE name = 'USER_ROLE')
CREATE TABLE USER_ROLE (
    MEMBER_ID   VARCHAR(16) NOT NULL,
    ROLE_ID     VARCHAR(20) NOT NULL,
    REG_DT      DATETIME DEFAULT GETDATE(),
    PRIMARY KEY (MEMBER_ID, ROLE_ID)
);

-- ROLE_MENU 테이블 (권한-메뉴 매핑)
IF NOT EXISTS (SELECT * FROM sys.tables WHERE name = 'ROLE_MENU')
CREATE TABLE ROLE_MENU (
    ROLE_ID     VARCHAR(20) NOT NULL,
    MENU_ID     VARCHAR(16) NOT NULL,
    REG_DT      DATETIME DEFAULT GETDATE(),
    PRIMARY KEY (ROLE_ID, MENU_ID)
);

-- 기본 권한 데이터
IF NOT EXISTS (SELECT * FROM ROLE WHERE ROLE_ID = 'ROLE_ADMIN')
    INSERT INTO ROLE (ROLE_ID, ROLE_NM, DESCRIPTION, USE_YN) VALUES ('ROLE_ADMIN', N'관리자', N'시스템 관리자', 'Y');
IF NOT EXISTS (SELECT * FROM ROLE WHERE ROLE_ID = 'ROLE_USER')
    INSERT INTO ROLE (ROLE_ID, ROLE_NM, DESCRIPTION, USE_YN) VALUES ('ROLE_USER', N'일반사용자', N'일반 사용자', 'Y');

-- 테스트용 관리자 계정 (비밀번호는 앱 시작 시 PasswordMigrationRunner가 BCrypt로 마이그레이션)
IF NOT EXISTS (SELECT * FROM MEMBER WHERE MEMBER_ID = 'admin')
    INSERT INTO MEMBER (MEMBER_ID, MEMBER_NM, PASSWORD, TEL, TEL_LAST4, EMAIL, USE_YN, REG_DT)
    VALUES ('admin', N'관리자', '1234', '', '0000', 'admin@ftk.com', 'Y', GETDATE());

-- IDS 초기 데이터 (ID 생성기용)
IF NOT EXISTS (SELECT * FROM IDS WHERE TABLE_NAME = 'SAMPLE')
    INSERT INTO IDS VALUES('SAMPLE', 1);
IF NOT EXISTS (SELECT * FROM IDS WHERE TABLE_NAME = 'MEMBER')
    INSERT INTO IDS VALUES('MEMBER', 1);
IF NOT EXISTS (SELECT * FROM IDS WHERE TABLE_NAME = 'VENUE')
    INSERT INTO IDS VALUES('VENUE', 1);
IF NOT EXISTS (SELECT * FROM IDS WHERE TABLE_NAME = 'SEAT')
    INSERT INTO IDS VALUES('SEAT', 1);
IF NOT EXISTS (SELECT * FROM IDS WHERE TABLE_NAME = 'PROGRAM')
    INSERT INTO IDS VALUES('PROGRAM', 1);
IF NOT EXISTS (SELECT * FROM IDS WHERE TABLE_NAME = 'TICKET_PRICE')
    INSERT INTO IDS VALUES('TICKET_PRICE', 1);
IF NOT EXISTS (SELECT * FROM IDS WHERE TABLE_NAME = 'SCHEDULE')
    INSERT INTO IDS VALUES('SCHEDULE', 1);
IF NOT EXISTS (SELECT * FROM IDS WHERE TABLE_NAME = 'BOOKING')
    INSERT INTO IDS VALUES('BOOKING', 1);
IF NOT EXISTS (SELECT * FROM IDS WHERE TABLE_NAME = 'BOOKING_DETAIL')
    INSERT INTO IDS VALUES('BOOKING_DETAIL', 1);
IF NOT EXISTS (SELECT * FROM IDS WHERE TABLE_NAME = 'MENU')
    INSERT INTO IDS VALUES('MENU', 1);

-- admin에 ROLE_ADMIN 권한 할당
IF NOT EXISTS (SELECT * FROM USER_ROLE WHERE MEMBER_ID = 'admin' AND ROLE_ID = 'ROLE_ADMIN')
    INSERT INTO USER_ROLE (MEMBER_ID, ROLE_ID) VALUES ('admin', 'ROLE_ADMIN');

-- 기본 메뉴 데이터 (Feather Icons)
DELETE FROM MENU;
INSERT INTO MENU (MENU_ID, MENU_NM, MENU_URL, ICON, PARENT_ID, SORT_ORDER, USE_YN) VALUES ('MENU-00001', N'장소/시설',   '/venueList.do',      'home',         NULL, 1, 'Y');
INSERT INTO MENU (MENU_ID, MENU_NM, MENU_URL, ICON, PARENT_ID, SORT_ORDER, USE_YN) VALUES ('MENU-00002', N'프로그램',   '/programList.do',    'monitor',      NULL, 2, 'Y');
INSERT INTO MENU (MENU_ID, MENU_NM, MENU_URL, ICON, PARENT_ID, SORT_ORDER, USE_YN) VALUES ('MENU-00003', N'일정',       '/scheduleList.do',   'calendar',     NULL, 3, 'Y');
INSERT INTO MENU (MENU_ID, MENU_NM, MENU_URL, ICON, PARENT_ID, SORT_ORDER, USE_YN) VALUES ('MENU-00004', N'가격',       '/ticketPriceList.do','dollar-sign',  NULL, 4, 'Y');
INSERT INTO MENU (MENU_ID, MENU_NM, MENU_URL, ICON, PARENT_ID, SORT_ORDER, USE_YN) VALUES ('MENU-00005', N'좌석',       '/seatList.do',       'grid',         NULL, 5, 'Y');
INSERT INTO MENU (MENU_ID, MENU_NM, MENU_URL, ICON, PARENT_ID, SORT_ORDER, USE_YN) VALUES ('MENU-00006', N'예매',       '/bookingList.do',    'check-circle', NULL, 6, 'Y');
INSERT INTO MENU (MENU_ID, MENU_NM, MENU_URL, ICON, PARENT_ID, SORT_ORDER, USE_YN) VALUES ('MENU-00007', N'회원',       '/memberList.do',     'users',        NULL, 7, 'Y');
INSERT INTO MENU (MENU_ID, MENU_NM, MENU_URL, ICON, PARENT_ID, SORT_ORDER, USE_YN) VALUES ('MENU-00008', N'시스템 관리', NULL,                 'settings',     NULL, 8, 'Y');
INSERT INTO MENU (MENU_ID, MENU_NM, MENU_URL, ICON, PARENT_ID, SORT_ORDER, USE_YN) VALUES ('MENU-00009', N'권한',       '/roleList.do',       'shield',       'MENU-00008', 1, 'Y');
INSERT INTO MENU (MENU_ID, MENU_NM, MENU_URL, ICON, PARENT_ID, SORT_ORDER, USE_YN) VALUES ('MENU-00010', N'메뉴',       '/menuList.do',       'menu',         'MENU-00008', 2, 'Y');
INSERT INTO MENU (MENU_ID, MENU_NM, MENU_URL, ICON, PARENT_ID, SORT_ORDER, USE_YN) VALUES ('MENU-00011', N'사용자권한', '/userRoleList.do',   'user-plus',    'MENU-00008', 3, 'Y');
INSERT INTO MENU (MENU_ID, MENU_NM, MENU_URL, ICON, PARENT_ID, SORT_ORDER, USE_YN) VALUES ('MENU-00012', N'권한메뉴',   '/roleMenuList.do',   'grid',         'MENU-00008', 4, 'Y');

-- MENU IDS 시퀀스 갱신 (다음 ID가 MENU-00013부터 시작되도록)
UPDATE IDS SET NEXT_ID = 13 WHERE TABLE_NAME = 'MENU';

-- ROLE_ADMIN에 전체 메뉴 할당
DELETE FROM ROLE_MENU WHERE ROLE_ID = 'ROLE_ADMIN';
INSERT INTO ROLE_MENU (ROLE_ID, MENU_ID) VALUES ('ROLE_ADMIN', 'MENU-00001');
INSERT INTO ROLE_MENU (ROLE_ID, MENU_ID) VALUES ('ROLE_ADMIN', 'MENU-00002');
INSERT INTO ROLE_MENU (ROLE_ID, MENU_ID) VALUES ('ROLE_ADMIN', 'MENU-00003');
INSERT INTO ROLE_MENU (ROLE_ID, MENU_ID) VALUES ('ROLE_ADMIN', 'MENU-00004');
INSERT INTO ROLE_MENU (ROLE_ID, MENU_ID) VALUES ('ROLE_ADMIN', 'MENU-00005');
INSERT INTO ROLE_MENU (ROLE_ID, MENU_ID) VALUES ('ROLE_ADMIN', 'MENU-00006');
INSERT INTO ROLE_MENU (ROLE_ID, MENU_ID) VALUES ('ROLE_ADMIN', 'MENU-00007');
INSERT INTO ROLE_MENU (ROLE_ID, MENU_ID) VALUES ('ROLE_ADMIN', 'MENU-00008');
INSERT INTO ROLE_MENU (ROLE_ID, MENU_ID) VALUES ('ROLE_ADMIN', 'MENU-00009');
INSERT INTO ROLE_MENU (ROLE_ID, MENU_ID) VALUES ('ROLE_ADMIN', 'MENU-00010');
INSERT INTO ROLE_MENU (ROLE_ID, MENU_ID) VALUES ('ROLE_ADMIN', 'MENU-00011');
INSERT INTO ROLE_MENU (ROLE_ID, MENU_ID) VALUES ('ROLE_ADMIN', 'MENU-00012');
INSERT INTO ROLE_MENU (ROLE_ID, MENU_ID) VALUES ('ROLE_ADMIN', 'MENU-00013');

-- COMMON_CODE 테이블 (공통코드 - 3뎁스: 상위그룹/그룹/코드)
IF NOT EXISTS (SELECT * FROM sys.tables WHERE name = 'COMMON_CODE')
CREATE TABLE COMMON_CODE (
    CODE_ID     VARCHAR(16)  NOT NULL PRIMARY KEY,
    CODE_NM     VARCHAR(100),
    CODE_VALUE  VARCHAR(100),
    PARENT_ID   VARCHAR(16),
    DEPTH       INT DEFAULT 1,
    SORT_ORDER  INT DEFAULT 0,
    DESCRIPTION VARCHAR(200),
    USE_YN      CHAR(1) DEFAULT 'Y',
    REG_DT      DATETIME DEFAULT GETDATE()
);

-- 값 컬럼 추가 (4쌍: 라벨+값)
IF NOT EXISTS (SELECT * FROM sys.columns WHERE object_id = OBJECT_ID('COMMON_CODE') AND name = 'VAL_LABEL1')
BEGIN
    ALTER TABLE COMMON_CODE ADD VAL_LABEL1 VARCHAR(100);
    ALTER TABLE COMMON_CODE ADD VAL1 VARCHAR(200);
    ALTER TABLE COMMON_CODE ADD VAL_LABEL2 VARCHAR(100);
    ALTER TABLE COMMON_CODE ADD VAL2 VARCHAR(200);
    ALTER TABLE COMMON_CODE ADD VAL_LABEL3 VARCHAR(100);
    ALTER TABLE COMMON_CODE ADD VAL3 VARCHAR(200);
    ALTER TABLE COMMON_CODE ADD VAL_LABEL4 VARCHAR(100);
    ALTER TABLE COMMON_CODE ADD VAL4 VARCHAR(200);
END

IF NOT EXISTS (SELECT * FROM IDS WHERE TABLE_NAME = 'COMMON_CODE')
    INSERT INTO IDS VALUES('COMMON_CODE', 1);

-- 공통코드 메뉴 등록 (시스템 관리 하위)
IF NOT EXISTS (SELECT * FROM MENU WHERE MENU_ID = 'MENU-00013')
    INSERT INTO MENU (MENU_ID, MENU_NM, MENU_URL, ICON, PARENT_ID, SORT_ORDER, USE_YN)
    VALUES ('MENU-00013', N'공통코드', '/commonCodeList.do', 'database', 'MENU-00008', 5, 'Y');

-- ============================================================
-- Phase 1: 기초 설정 & 데이터 모델 변경
-- ============================================================

-- TICKET_TYPE 테이블 (권종 관리 - 기초 설정)
IF NOT EXISTS (SELECT * FROM sys.tables WHERE name = 'TICKET_TYPE')
CREATE TABLE TICKET_TYPE (
    TYPE_ID     VARCHAR(16)  NOT NULL PRIMARY KEY,
    TYPE_NM     VARCHAR(100) NOT NULL,
    SORT_ORDER  INT DEFAULT 0,
    USE_YN      CHAR(1) DEFAULT 'Y',
    REG_DT      DATETIME DEFAULT GETDATE()
);

IF NOT EXISTS (SELECT * FROM IDS WHERE TABLE_NAME = 'TICKET_TYPE')
    INSERT INTO IDS VALUES('TICKET_TYPE', 1);

-- SCHEDULE 테이블 확장: 회차번호, 온라인/오프라인 정원
IF NOT EXISTS (SELECT * FROM sys.columns WHERE object_id = OBJECT_ID('SCHEDULE') AND name = 'SESSION_NO')
    ALTER TABLE SCHEDULE ADD SESSION_NO INT DEFAULT 1;

IF NOT EXISTS (SELECT * FROM sys.columns WHERE object_id = OBJECT_ID('SCHEDULE') AND name = 'ONLINE_CAPACITY')
BEGIN
    ALTER TABLE SCHEDULE ADD ONLINE_CAPACITY  INT DEFAULT 0;
    ALTER TABLE SCHEDULE ADD OFFLINE_CAPACITY INT DEFAULT 0;
    ALTER TABLE SCHEDULE ADD ONLINE_AVAIL     INT DEFAULT 0;
    ALTER TABLE SCHEDULE ADD OFFLINE_AVAIL    INT DEFAULT 0;
END

-- SESSION_PRICE 테이블 (회차별 권종별 가격)
IF NOT EXISTS (SELECT * FROM sys.tables WHERE name = 'SESSION_PRICE')
CREATE TABLE SESSION_PRICE (
    SPRICE_ID   VARCHAR(16)  NOT NULL PRIMARY KEY,
    SCHEDULE_ID VARCHAR(16)  NOT NULL,
    TYPE_ID     VARCHAR(16)  NOT NULL,
    PRICE       INT DEFAULT 0,
    USE_YN      CHAR(1) DEFAULT 'Y',
    REG_DT      DATETIME DEFAULT GETDATE()
);

IF NOT EXISTS (SELECT * FROM IDS WHERE TABLE_NAME = 'SESSION_PRICE')
    INSERT INTO IDS VALUES('SESSION_PRICE', 1);

-- 기초설정 메뉴 (최상위)
IF NOT EXISTS (SELECT * FROM MENU WHERE MENU_ID = 'MENU-00014')
    INSERT INTO MENU (MENU_ID, MENU_NM, MENU_URL, ICON, PARENT_ID, SORT_ORDER, USE_YN)
    VALUES ('MENU-00014', N'기초설정', NULL, 'sliders', NULL, 9, 'Y');
IF NOT EXISTS (SELECT * FROM MENU WHERE MENU_ID = 'MENU-00015')
    INSERT INTO MENU (MENU_ID, MENU_NM, MENU_URL, ICON, PARENT_ID, SORT_ORDER, USE_YN)
    VALUES ('MENU-00015', N'권종관리', '/ticketTypeList.do', 'tag', 'MENU-00014', 1, 'Y');

-- 회차별 가격 메뉴 (가격 메뉴 대체)
IF NOT EXISTS (SELECT * FROM MENU WHERE MENU_ID = 'MENU-00016')
    INSERT INTO MENU (MENU_ID, MENU_NM, MENU_URL, ICON, PARENT_ID, SORT_ORDER, USE_YN)
    VALUES ('MENU-00016', N'회차별 가격', '/sessionPriceList.do', 'dollar-sign', NULL, 4, 'Y');

-- 기존 가격 메뉴 비활성화 (회차별 가격으로 대체)
UPDATE MENU SET USE_YN = 'N' WHERE MENU_ID = 'MENU-00004';

-- ROLE_ADMIN에 새 메뉴 할당
IF NOT EXISTS (SELECT * FROM ROLE_MENU WHERE ROLE_ID = 'ROLE_ADMIN' AND MENU_ID = 'MENU-00014')
    INSERT INTO ROLE_MENU (ROLE_ID, MENU_ID) VALUES ('ROLE_ADMIN', 'MENU-00014');
IF NOT EXISTS (SELECT * FROM ROLE_MENU WHERE ROLE_ID = 'ROLE_ADMIN' AND MENU_ID = 'MENU-00015')
    INSERT INTO ROLE_MENU (ROLE_ID, MENU_ID) VALUES ('ROLE_ADMIN', 'MENU-00015');
IF NOT EXISTS (SELECT * FROM ROLE_MENU WHERE ROLE_ID = 'ROLE_ADMIN' AND MENU_ID = 'MENU-00016')
    INSERT INTO ROLE_MENU (ROLE_ID, MENU_ID) VALUES ('ROLE_ADMIN', 'MENU-00016');

UPDATE IDS SET NEXT_ID = 17 WHERE TABLE_NAME = 'MENU';

-- ============================================================
-- Phase 3: 상품 유형 분리 (일반 입장권 / 회차 입장권)
-- ============================================================

-- PRODUCT_PRICE 테이블 (일반 입장권: PROGRAM × TICKET_TYPE → 가격)
IF NOT EXISTS (SELECT * FROM sys.tables WHERE name = 'PRODUCT_PRICE')
CREATE TABLE PRODUCT_PRICE (
    PPRICE_ID   VARCHAR(16)  NOT NULL PRIMARY KEY,
    PROGRAM_ID  VARCHAR(16)  NOT NULL,
    TYPE_ID     VARCHAR(16)  NOT NULL,
    PRICE       INT DEFAULT 0,
    USE_YN      CHAR(1) DEFAULT 'Y',
    REG_DT      DATETIME DEFAULT GETDATE()
);

IF NOT EXISTS (SELECT * FROM IDS WHERE TABLE_NAME = 'PRODUCT_PRICE')
    INSERT INTO IDS VALUES('PRODUCT_PRICE', 1);

-- 메뉴 구조 변경: 회차 입장권 그룹 + 일반 입장권
-- 기존 "프로그램"(MENU-00002)을 "회차 입장권" 그룹 메뉴로 변경
UPDATE MENU SET MENU_NM = N'회차 입장권', MENU_URL = NULL, ICON = 'clock', SORT_ORDER = 2 WHERE MENU_ID = 'MENU-00002';

-- 기존 "일정"(MENU-00003)을 회차 입장권의 하위메뉴로 이동
UPDATE MENU SET PARENT_ID = 'MENU-00002', SORT_ORDER = 2 WHERE MENU_ID = 'MENU-00003';

-- 기존 "회차별 가격"(MENU-00016)을 회차 입장권의 하위메뉴로 이동
UPDATE MENU SET PARENT_ID = 'MENU-00002', SORT_ORDER = 3 WHERE MENU_ID = 'MENU-00016';

-- "프로그램" 하위메뉴 추가 (회차 입장권 내 프로그램 관리)
IF NOT EXISTS (SELECT * FROM MENU WHERE MENU_ID = 'MENU-00017')
    INSERT INTO MENU (MENU_ID, MENU_NM, MENU_URL, ICON, PARENT_ID, SORT_ORDER, USE_YN)
    VALUES ('MENU-00017', N'프로그램', '/programList.do', 'monitor', 'MENU-00002', 1, 'Y');

-- "일반 입장권" 최상위 메뉴 추가
IF NOT EXISTS (SELECT * FROM MENU WHERE MENU_ID = 'MENU-00018')
    INSERT INTO MENU (MENU_ID, MENU_NM, MENU_URL, ICON, PARENT_ID, SORT_ORDER, USE_YN)
    VALUES ('MENU-00018', N'일반 입장권', '/generalAdmissionList.do', 'tag', NULL, 3, 'Y');

-- 좌석/예매/회원 등 기존 메뉴 sort_order 조정
UPDATE MENU SET SORT_ORDER = 4 WHERE MENU_ID = 'MENU-00005'; -- 좌석
UPDATE MENU SET SORT_ORDER = 5 WHERE MENU_ID = 'MENU-00006'; -- 예매
UPDATE MENU SET SORT_ORDER = 6 WHERE MENU_ID = 'MENU-00007'; -- 회원
UPDATE MENU SET SORT_ORDER = 7 WHERE MENU_ID = 'MENU-00008'; -- 시스템 관리
UPDATE MENU SET SORT_ORDER = 8 WHERE MENU_ID = 'MENU-00014'; -- 기초설정

-- ROLE_ADMIN에 새 메뉴 할당
IF NOT EXISTS (SELECT * FROM ROLE_MENU WHERE ROLE_ID = 'ROLE_ADMIN' AND MENU_ID = 'MENU-00017')
    INSERT INTO ROLE_MENU (ROLE_ID, MENU_ID) VALUES ('ROLE_ADMIN', 'MENU-00017');
IF NOT EXISTS (SELECT * FROM ROLE_MENU WHERE ROLE_ID = 'ROLE_ADMIN' AND MENU_ID = 'MENU-00018')
    INSERT INTO ROLE_MENU (ROLE_ID, MENU_ID) VALUES ('ROLE_ADMIN', 'MENU-00018');

UPDATE IDS SET NEXT_ID = 19 WHERE TABLE_NAME = 'MENU';

-- 기존 프로그램 데이터를 SESSION 타입으로 변경 (기존 데이터가 회차 입장권이므로)
UPDATE PROGRAM SET PROGRAM_TYPE = 'SESSION' WHERE PROGRAM_TYPE IS NULL OR PROGRAM_TYPE NOT IN ('SESSION', 'GENERAL');

-- ============================================================
-- Phase 4: 휴무일 관리
-- ============================================================

-- HOLIDAY 테이블
IF NOT EXISTS (SELECT * FROM sys.tables WHERE name = 'HOLIDAY')
CREATE TABLE HOLIDAY (
    HOLIDAY_ID   VARCHAR(16)  NOT NULL PRIMARY KEY,
    HOLIDAY_DATE DATE         NOT NULL,
    HOLIDAY_NM   VARCHAR(100),
    USE_YN       CHAR(1) DEFAULT 'Y',
    REG_DT       DATETIME DEFAULT GETDATE()
);

IF NOT EXISTS (SELECT * FROM IDS WHERE TABLE_NAME = 'HOLIDAY')
    INSERT INTO IDS VALUES('HOLIDAY', 1);

-- 기초설정 > 휴무일관리 메뉴
IF NOT EXISTS (SELECT * FROM MENU WHERE MENU_ID = 'MENU-00019')
    INSERT INTO MENU (MENU_ID, MENU_NM, MENU_URL, ICON, PARENT_ID, SORT_ORDER, USE_YN)
    VALUES ('MENU-00019', N'휴무일관리', '/holidayList.do', 'calendar', 'MENU-00014', 2, 'Y');

IF NOT EXISTS (SELECT * FROM ROLE_MENU WHERE ROLE_ID = 'ROLE_ADMIN' AND MENU_ID = 'MENU-00019')
    INSERT INTO ROLE_MENU (ROLE_ID, MENU_ID) VALUES ('ROLE_ADMIN', 'MENU-00019');

-- BUSINESS_HOURS 테이블
IF NOT EXISTS (SELECT * FROM sys.tables WHERE name = 'BUSINESS_HOURS')
CREATE TABLE BUSINESS_HOURS (
    BH_ID        VARCHAR(16)  NOT NULL PRIMARY KEY,
    DAY_OF_WEEK  INT          NOT NULL,  -- 1=월 ~ 7=일
    OPEN_TIME    VARCHAR(5),             -- HH:mm
    CLOSE_TIME   VARCHAR(5),             -- HH:mm
    USE_YN       CHAR(1)      DEFAULT 'Y',
    REG_DT       DATETIME     DEFAULT GETDATE()
);

IF NOT EXISTS (SELECT * FROM IDS WHERE TABLE_NAME = 'BUSINESS_HOURS')
    INSERT INTO IDS VALUES('BUSINESS_HOURS', 1);

-- 영업시간 메뉴 (기초설정 하위)
IF NOT EXISTS (SELECT * FROM MENU WHERE MENU_ID = 'MENU-00020')
    INSERT INTO MENU (MENU_ID, MENU_NM, MENU_URL, ICON, PARENT_ID, SORT_ORDER, USE_YN)
    VALUES ('MENU-00020', N'영업시간', '/businessHoursList.do', 'clock', 'MENU-00014', 3, 'Y');

IF NOT EXISTS (SELECT * FROM ROLE_MENU WHERE ROLE_ID = 'ROLE_ADMIN' AND MENU_ID = 'MENU-00020')
    INSERT INTO ROLE_MENU (ROLE_ID, MENU_ID) VALUES ('ROLE_ADMIN', 'MENU-00020');

-- DISCOUNT 테이블
IF NOT EXISTS (SELECT * FROM sys.tables WHERE name = 'DISCOUNT')
CREATE TABLE DISCOUNT (
    DISCOUNT_ID    VARCHAR(16)   NOT NULL PRIMARY KEY,
    DISCOUNT_NM    NVARCHAR(100) NOT NULL,
    DISCOUNT_TYPE  VARCHAR(10)   NOT NULL,  -- PERCENT / AMOUNT
    DISCOUNT_VALUE INT           NOT NULL DEFAULT 0,
    START_DATE     DATE,
    END_DATE       DATE,
    APPLY_TIME_FROM VARCHAR(5),             -- 적용 시작시간 (HH:mm), NULL=제한없음
    APPLY_TIME_TO   VARCHAR(5),             -- 적용 종료시간 (HH:mm), NULL=제한없음
    APPLY_DAYS       VARCHAR(20),           -- 적용 요일 (1,2,3,4,5=평일 등), NULL=전체
    APPLY_TICKET_TYPE_ID VARCHAR(16),       -- 적용 권종 ID, NULL=전체
    USE_YN         CHAR(1)       DEFAULT 'Y',
    REMARK         NVARCHAR(200),
    REG_DT         DATETIME      DEFAULT GETDATE()
);

IF NOT EXISTS (SELECT * FROM IDS WHERE TABLE_NAME = 'DISCOUNT')
    INSERT INTO IDS VALUES('DISCOUNT', 1);

-- DISCOUNT_PROGRAM 매핑 테이블 (할인 ↔ 프로그램 다대다)
IF NOT EXISTS (SELECT * FROM sys.tables WHERE name = 'DISCOUNT_PROGRAM')
CREATE TABLE DISCOUNT_PROGRAM (
    DISCOUNT_ID VARCHAR(16) NOT NULL,
    PROGRAM_ID  VARCHAR(16) NOT NULL,
    PRIMARY KEY (DISCOUNT_ID, PROGRAM_ID)
);

-- 할인정책 메뉴 (기초설정 하위)
IF NOT EXISTS (SELECT * FROM MENU WHERE MENU_ID = 'MENU-00021')
    INSERT INTO MENU (MENU_ID, MENU_NM, MENU_URL, ICON, PARENT_ID, SORT_ORDER, USE_YN)
    VALUES ('MENU-00021', N'할인정책', '/discountList.do', 'percent', 'MENU-00014', 4, 'Y');

IF NOT EXISTS (SELECT * FROM ROLE_MENU WHERE ROLE_ID = 'ROLE_ADMIN' AND MENU_ID = 'MENU-00021')
    INSERT INTO ROLE_MENU (ROLE_ID, MENU_ID) VALUES ('ROLE_ADMIN', 'MENU-00021');

UPDATE IDS SET NEXT_ID = 22 WHERE TABLE_NAME = 'MENU';

-- BOOKING 테이블에 BOOKING_CHANNEL 컬럼 추가
IF NOT EXISTS (SELECT * FROM sys.columns WHERE object_id = OBJECT_ID('BOOKING') AND name = 'BOOKING_CHANNEL')
    ALTER TABLE BOOKING ADD BOOKING_CHANNEL VARCHAR(10) DEFAULT 'OFFLINE';

-- ============================================================
-- 프로그램별 권종/할인 적용 개선
-- ============================================================

-- PROGRAM_TICKET_TYPE 매핑 테이블 (프로그램별 사용 가능 권종)
IF NOT EXISTS (SELECT * FROM sys.tables WHERE name = 'PROGRAM_TICKET_TYPE')
CREATE TABLE PROGRAM_TICKET_TYPE (
    PROGRAM_ID  VARCHAR(16) NOT NULL,
    TYPE_ID     VARCHAR(16) NOT NULL,
    PRIMARY KEY (PROGRAM_ID, TYPE_ID)
);

-- TICKET_TYPE.TYPE_NM에 UNIQUE 제약조건 추가
IF NOT EXISTS (SELECT * FROM sys.indexes WHERE name = 'UQ_TICKET_TYPE_NM' AND object_id = OBJECT_ID('TICKET_TYPE'))
    ALTER TABLE TICKET_TYPE ADD CONSTRAINT UQ_TICKET_TYPE_NM UNIQUE (TYPE_NM);

-- DISCOUNT_PROGRAM에 DISCOUNT_VALUE 컬럼 추가 (프로그램별 할인값 override)
IF NOT EXISTS (SELECT * FROM sys.columns WHERE object_id = OBJECT_ID('DISCOUNT_PROGRAM') AND name = 'DISCOUNT_VALUE')
    ALTER TABLE DISCOUNT_PROGRAM ADD DISCOUNT_VALUE INT NULL;

-- DISCOUNT에 반올림 설정 컬럼 추가
IF NOT EXISTS (SELECT * FROM sys.columns WHERE object_id = OBJECT_ID('DISCOUNT') AND name = 'ROUNDING_UNIT')
    ALTER TABLE DISCOUNT ADD ROUNDING_UNIT INT NULL DEFAULT 1;

IF NOT EXISTS (SELECT * FROM sys.columns WHERE object_id = OBJECT_ID('DISCOUNT') AND name = 'ROUNDING_TYPE')
    ALTER TABLE DISCOUNT ADD ROUNDING_TYPE VARCHAR(10) NULL DEFAULT 'ROUND';

-- ============================================================
-- 프로그램 중심 가격 템플릿 시스템 재설계
-- ============================================================

-- PROGRAM 테이블 확장: 회차 설정 + 기본 정원
IF NOT EXISTS (SELECT * FROM sys.columns WHERE object_id = OBJECT_ID('PROGRAM') AND name = 'SESSION_COUNT')
    ALTER TABLE PROGRAM ADD SESSION_COUNT INT NULL;

IF NOT EXISTS (SELECT * FROM sys.columns WHERE object_id = OBJECT_ID('PROGRAM') AND name = 'FIRST_SESSION_TIME')
    ALTER TABLE PROGRAM ADD FIRST_SESSION_TIME VARCHAR(5) NULL;

IF NOT EXISTS (SELECT * FROM sys.columns WHERE object_id = OBJECT_ID('PROGRAM') AND name = 'SESSION_INTERVAL')
    ALTER TABLE PROGRAM ADD SESSION_INTERVAL INT NULL;

IF NOT EXISTS (SELECT * FROM sys.columns WHERE object_id = OBJECT_ID('PROGRAM') AND name = 'DEFAULT_ONLINE_CAP')
    ALTER TABLE PROGRAM ADD DEFAULT_ONLINE_CAP INT NULL DEFAULT 0;

IF NOT EXISTS (SELECT * FROM sys.columns WHERE object_id = OBJECT_ID('PROGRAM') AND name = 'DEFAULT_OFFLINE_CAP')
    ALTER TABLE PROGRAM ADD DEFAULT_OFFLINE_CAP INT NULL DEFAULT 0;

-- PROGRAM_TICKET_TYPE 확장: 기본가격 + 정렬순서
IF NOT EXISTS (SELECT * FROM sys.columns WHERE object_id = OBJECT_ID('PROGRAM_TICKET_TYPE') AND name = 'BASE_PRICE')
    ALTER TABLE PROGRAM_TICKET_TYPE ADD BASE_PRICE INT DEFAULT 0;

IF NOT EXISTS (SELECT * FROM sys.columns WHERE object_id = OBJECT_ID('PROGRAM_TICKET_TYPE') AND name = 'SORT_ORDER')
    ALTER TABLE PROGRAM_TICKET_TYPE ADD SORT_ORDER INT DEFAULT 0;

IF NOT EXISTS (SELECT * FROM sys.columns WHERE object_id = OBJECT_ID('PROGRAM_TICKET_TYPE') AND name = 'SAT_PRICE')
    ALTER TABLE PROGRAM_TICKET_TYPE ADD SAT_PRICE INT DEFAULT 0;

IF NOT EXISTS (SELECT * FROM sys.columns WHERE object_id = OBJECT_ID('PROGRAM_TICKET_TYPE') AND name = 'SUN_PRICE')
    ALTER TABLE PROGRAM_TICKET_TYPE ADD SUN_PRICE INT DEFAULT 0;

IF NOT EXISTS (SELECT * FROM sys.columns WHERE object_id = OBJECT_ID('PROGRAM_TICKET_TYPE') AND name = 'HOL_PRICE')
    ALTER TABLE PROGRAM_TICKET_TYPE ADD HOL_PRICE INT DEFAULT 0;

-- SESSION_TEMPLATE 테이블 (회차 템플릿)
IF NOT EXISTS (SELECT * FROM sys.tables WHERE name = 'SESSION_TEMPLATE')
CREATE TABLE SESSION_TEMPLATE (
    PROGRAM_ID  VARCHAR(16) NOT NULL,
    SESSION_NO  INT NOT NULL,
    DAY_TYPE    VARCHAR(10) NOT NULL,  -- WEEKDAY / SATURDAY / SUNDAY / HOLIDAY
    EVENT_TIME  VARCHAR(5) NOT NULL,   -- HH:mm
    ENABLED     CHAR(1) DEFAULT 'Y',
    PRIMARY KEY (PROGRAM_ID, SESSION_NO, DAY_TYPE)
);

-- PRICE_TEMPLATE 테이블 (가격 템플릿)
IF NOT EXISTS (SELECT * FROM sys.tables WHERE name = 'PRICE_TEMPLATE')
CREATE TABLE PRICE_TEMPLATE (
    PROGRAM_ID  VARCHAR(16) NOT NULL,
    SESSION_NO  INT NOT NULL,
    TYPE_ID     VARCHAR(16) NOT NULL,
    DAY_TYPE    VARCHAR(10) NOT NULL,  -- WEEKDAY / SATURDAY / SUNDAY / HOLIDAY
    PRICE       INT DEFAULT 0,
    PRIMARY KEY (PROGRAM_ID, SESSION_NO, TYPE_ID, DAY_TYPE)
);

-- SESSION_TEMPLATE 컬럼 추가 (온라인/오프라인 정원)
IF NOT EXISTS (SELECT * FROM sys.columns WHERE object_id = OBJECT_ID('SESSION_TEMPLATE') AND name = 'ONLINE_CAP')
    ALTER TABLE SESSION_TEMPLATE ADD ONLINE_CAP INT DEFAULT 0;
IF NOT EXISTS (SELECT * FROM sys.columns WHERE object_id = OBJECT_ID('SESSION_TEMPLATE') AND name = 'OFFLINE_CAP')
    ALTER TABLE SESSION_TEMPLATE ADD OFFLINE_CAP INT DEFAULT 0;

-- WEEKEND → SATURDAY + SUNDAY 마이그레이션
IF EXISTS (SELECT 1 FROM SESSION_TEMPLATE WHERE DAY_TYPE = 'WEEKEND')
BEGIN
    INSERT INTO SESSION_TEMPLATE (PROGRAM_ID, SESSION_NO, DAY_TYPE, EVENT_TIME, ENABLED, ONLINE_CAP, OFFLINE_CAP)
    SELECT PROGRAM_ID, SESSION_NO, 'SATURDAY', EVENT_TIME, ENABLED, ONLINE_CAP, OFFLINE_CAP
    FROM SESSION_TEMPLATE WHERE DAY_TYPE = 'WEEKEND'
    AND NOT EXISTS (SELECT 1 FROM SESSION_TEMPLATE s2 WHERE s2.PROGRAM_ID = SESSION_TEMPLATE.PROGRAM_ID AND s2.SESSION_NO = SESSION_TEMPLATE.SESSION_NO AND s2.DAY_TYPE = 'SATURDAY');

    INSERT INTO SESSION_TEMPLATE (PROGRAM_ID, SESSION_NO, DAY_TYPE, EVENT_TIME, ENABLED, ONLINE_CAP, OFFLINE_CAP)
    SELECT PROGRAM_ID, SESSION_NO, 'SUNDAY', EVENT_TIME, ENABLED, ONLINE_CAP, OFFLINE_CAP
    FROM SESSION_TEMPLATE WHERE DAY_TYPE = 'WEEKEND'
    AND NOT EXISTS (SELECT 1 FROM SESSION_TEMPLATE s2 WHERE s2.PROGRAM_ID = SESSION_TEMPLATE.PROGRAM_ID AND s2.SESSION_NO = SESSION_TEMPLATE.SESSION_NO AND s2.DAY_TYPE = 'SUNDAY');

    DELETE FROM SESSION_TEMPLATE WHERE DAY_TYPE = 'WEEKEND';
END;

IF EXISTS (SELECT 1 FROM PRICE_TEMPLATE WHERE DAY_TYPE = 'WEEKEND')
BEGIN
    INSERT INTO PRICE_TEMPLATE (PROGRAM_ID, SESSION_NO, TYPE_ID, DAY_TYPE, PRICE)
    SELECT PROGRAM_ID, SESSION_NO, TYPE_ID, 'SATURDAY', PRICE
    FROM PRICE_TEMPLATE WHERE DAY_TYPE = 'WEEKEND'
    AND NOT EXISTS (SELECT 1 FROM PRICE_TEMPLATE p2 WHERE p2.PROGRAM_ID = PRICE_TEMPLATE.PROGRAM_ID AND p2.SESSION_NO = PRICE_TEMPLATE.SESSION_NO AND p2.TYPE_ID = PRICE_TEMPLATE.TYPE_ID AND p2.DAY_TYPE = 'SATURDAY');

    INSERT INTO PRICE_TEMPLATE (PROGRAM_ID, SESSION_NO, TYPE_ID, DAY_TYPE, PRICE)
    SELECT PROGRAM_ID, SESSION_NO, TYPE_ID, 'SUNDAY', PRICE
    FROM PRICE_TEMPLATE WHERE DAY_TYPE = 'WEEKEND'
    AND NOT EXISTS (SELECT 1 FROM PRICE_TEMPLATE p2 WHERE p2.PROGRAM_ID = PRICE_TEMPLATE.PROGRAM_ID AND p2.SESSION_NO = PRICE_TEMPLATE.SESSION_NO AND p2.TYPE_ID = PRICE_TEMPLATE.TYPE_ID AND p2.DAY_TYPE = 'SUNDAY');

    DELETE FROM PRICE_TEMPLATE WHERE DAY_TYPE = 'WEEKEND';
END;

-- DATE_PRICE_OVERRIDE 테이블 (날짜별 가격 변동)
IF NOT EXISTS (SELECT * FROM sys.tables WHERE name = 'DATE_PRICE_OVERRIDE')
CREATE TABLE DATE_PRICE_OVERRIDE (
    PROGRAM_ID  VARCHAR(16) NOT NULL,
    EVENT_DATE  DATE NOT NULL,
    SESSION_NO  INT NOT NULL,
    TYPE_ID     VARCHAR(16) NOT NULL,
    PRICE       INT NOT NULL,
    REASON      VARCHAR(200) NOT NULL,
    REG_DT      DATETIME DEFAULT GETDATE(),
    PRIMARY KEY (PROGRAM_ID, EVENT_DATE, SESSION_NO, TYPE_ID)
);

-- DATE_SESSION_OVERRIDE 테이블 (날짜별 회차 on/off)
IF NOT EXISTS (SELECT * FROM sys.tables WHERE name = 'DATE_SESSION_OVERRIDE')
CREATE TABLE DATE_SESSION_OVERRIDE (
    PROGRAM_ID  VARCHAR(16) NOT NULL,
    EVENT_DATE  DATE NOT NULL,
    SESSION_NO  INT NOT NULL,
    ENABLED     CHAR(1) NOT NULL,
    REASON      VARCHAR(200) NOT NULL,
    REG_DT      DATETIME DEFAULT GETDATE(),
    PRIMARY KEY (PROGRAM_ID, EVENT_DATE, SESSION_NO)
);

-- PROGRAM_DISCOUNT 테이블 (프로그램별 할인)
IF NOT EXISTS (SELECT * FROM sys.tables WHERE name = 'PROGRAM_DISCOUNT')
CREATE TABLE PROGRAM_DISCOUNT (
    PD_ID           VARCHAR(16) NOT NULL PRIMARY KEY,
    PROGRAM_ID      VARCHAR(16) NOT NULL,
    DISCOUNT_NM     VARCHAR(100) NOT NULL,
    DISCOUNT_TYPE   VARCHAR(10) NOT NULL,   -- PERCENT / AMOUNT
    DISCOUNT_VALUE  INT NOT NULL,
    VERIFY_REQUIRED CHAR(1) DEFAULT 'N',
    VERIFY_ITEM     VARCHAR(100) NULL,       -- 확인항목 (신분증, 학생증 등)
    ROUNDING_UNIT   INT DEFAULT 1,
    ROUNDING_TYPE   VARCHAR(10) DEFAULT 'ROUND',
    USE_YN          CHAR(1) DEFAULT 'Y',
    SORT_ORDER      INT DEFAULT 0,
    REG_DT          DATETIME DEFAULT GETDATE()
);

IF NOT EXISTS (SELECT * FROM sys.columns WHERE object_id = OBJECT_ID('PROGRAM_DISCOUNT') AND name = 'VERIFY_ITEM')
    ALTER TABLE PROGRAM_DISCOUNT ADD VERIFY_ITEM VARCHAR(100) NULL;

IF NOT EXISTS (SELECT * FROM IDS WHERE TABLE_NAME = 'PROGRAM_DISCOUNT')
    INSERT INTO IDS VALUES('PROGRAM_DISCOUNT', 1);

-- 메뉴 구조 변경: 프로그램 중심으로 재구성
-- '회차 입장권' 그룹 → '입장권' (프로그램 목록)으로 변경
UPDATE MENU SET MENU_NM = N'입장권', MENU_URL = '/programList.do', ICON = 'monitor', SORT_ORDER = 2 WHERE MENU_ID = 'MENU-00002';

-- 프로그램 하위메뉴(MENU-00017) 비활성화 (상위에 통합)
UPDATE MENU SET USE_YN = 'N' WHERE MENU_ID = 'MENU-00017';

-- 일정(MENU-00003)을 최상위로 다시 이동
UPDATE MENU SET PARENT_ID = NULL, SORT_ORDER = 3 WHERE MENU_ID = 'MENU-00003';

-- 회차별 가격(MENU-00016) 비활성화 (프로그램 상세에 통합)
UPDATE MENU SET USE_YN = 'N' WHERE MENU_ID = 'MENU-00016';

-- 기초설정 > 권종관리: 유지 (autocomplete 소스)
-- 기초설정 > 할인정책(MENU-00021): '공통 할인 템플릿'으로 이름 변경
UPDATE MENU SET MENU_NM = N'공통할인템플릿' WHERE MENU_ID = 'MENU-00021';
